{
  "desert_rate_overall_pct": 12.76747928711927,
  "desert_rate_q1_pct": 22.346022903125967,
  "desert_rate_q5_pct": 15.523465703971121,
  "neighborhood_rows": 16777
}